ریسپی_آئی_ڈی,قدم_نمبر,ہدایت,تخمینہ_وقت_منٹ
RCP۰۰۰۷۱,۱,چکن بریانی کے لیے باسمتی چاول، چکن، دہی اور تمام تازہ اجزاء تیار کریں۔,۱۰
RCP۰۰۰۷۱,۲,باسمتی چاولوں کو ثابت مصالحوں کے ساتھ ۷۰ فیصد تک ابالیں اور پانی نتھار لیں۔,۱۰
RCP۰۰۰۷۱,۳,تیل میں پیاز، ادرک اور لہسن کا پیسٹ سنہری ہونے تک بھونیں۔,۱۰
RCP۰۰۰۷۱,۴,چکن، ٹماٹر، دہی اور بریانی مصالحہ شامل کریں اور چکن بریانی کے لیے اچھی طرح پکائیں۔,۲۰
RCP۰۰۰۷۱,۵,چکن گریوی پر ابلے ہوئے چاولوں کی تہہ لگائیں، اچھی طرح ڈھانپیں اور ۱۵ منٹ کے لیے ہلکی آنچ پر دم دیں۔,۱۵
RCP۰۰۰۷۰,۱,سبزی شوربہ کے لیے تمام تازہ سبزیاں اور اجزاء تیار کریں۔,۵
RCP۰۰۰۷۰,۲,درمیانی آنچ پر پتیلی میں تیل گرم کریں۔,۵
RCP۰۰۰۷۰,۳,پیاز، ادرک اور لہسن کا پیسٹ خوشبو آنے اور سنہری ہونے تک بھونیں۔,۱۰
RCP۰۰۰۷۰,۴,کٹی ہوئی سبزیاں، ٹماٹر، مصالحے اور پانی شامل کر کے سبزی شوربہ کے لیے اچھی طرح پکائیں۔,۱۵
RCP۰۰۰۷۰,۵,ہلکی آنچ پر پکائیں جب تک سبزیاں نرم ہو جائیں اور شوربہ تیار ہو جائے، پھر گرم گرم پیش کریں۔,۱۰
RCP۰۰۰۰۱,۱,چکن کڑاہی کے لیے تمام تازہ اجزاء تیار کریں۔,۵
RCP۰۰۰۰۱,۲,درمیانی آنچ پر کڑاہی یا ہانڈی میں تیل/مکھن گرم کریں۔,۵
RCP۰۰۰۰۱,۳,پیاز، ادرک اور لہسن کا پیسٹ خوشبو آنے اور سنہری ہونے تک بھونیں۔,۱۰
RCP۰۰۰۰۱,۴,بنیادی اجزاء اور مصالحے شامل کریں، اور چکن کڑاہی کے لیے اچھی طرح پکائیں۔,۱۰
RCP۰۰۰۰۱,۵,ہلکی آنچ پر دم پر رکھیں جب تک یہ مکمل پک نہ جائے، پھر تازہ ہرا دھنیا یا ہری مرچیں چھڑک کر گرم گرم پیش کریں۔,۵
RCP۰۰۰۰۲,۱,چکن ہانڈی کے لیے تمام تازہ اجزاء تیار کریں۔,۵
RCP۰۰۰۰۲,۲,درمیانی آنچ پر کڑاہی یا ہانڈی میں تیل/مکھن گرم کریں۔,۵
RCP۰۰۰۰۲,۳,پیاز، ادرک اور لہسن کا پیسٹ خوشبو آنے اور سنہری ہونے تک بھونیں۔,۱۰
RCP۰۰۰۰۲,۴,بنیادی اجزاء اور مصالحے شامل کریں، اور چکن ہانڈی کے لیے اچھی طرح پکائیں۔,۱۰
RCP۰۰۰۰۲,۵,ہلکی آنچ پر دم پر رکھیں جب تک یہ مکمل پک نہ جائے، پھر تازہ ہرا دھنیا یا ہری مرچیں چھڑک کر گرم گرم پیش کریں۔,۵
RCP۰۰۰۰۳,۱,چکن پلاؤ کے لیے تمام تازہ اجزاء، باسمتی چاول اور مصالحے تیار کریں۔,۵
RCP۰۰۰۰۳,۲,درمیانی آنچ پر دیگچی میں تیل/مکھن گرم کریں۔,۵
RCP۰۰۰۰۳,۳,پیاز، ادرک اور لہسن کا پیسٹ خوشبو آنے اور سنہری ہونے تک بھونیں۔,۱۰
RCP۰۰۰۰۳,۴,بنیادی اجزاء، مصالحے، دھلے ہوئے باسمتی چاول اور پانی شامل کر کے چکن پلاؤ کے لیے اچھی طرح پکائیں۔,۱۵
RCP۰۰۰۰۳,۵,برتن کو اچھی طرح ڈھانپ کر ہلکی آنچ پر دم دیں جب تک چاول نرم اور کھلے کھلے ہو جائیں، پھر گرم گرم پیش کریں۔,۱۰
RCP۰۰۰۰۴,۱,چکن پالک کے لیے تمام تازہ اجزاء تیار کریں۔,۵
RCP۰۰۰۰۴,۲,درمیانی آنچ پر کڑاہی یا ہانڈی میں تیل/مکھن گرم کریں۔,۵
RCP۰۰۰۰۴,۳,پیاز، ادرک اور لہسن کا پیسٹ خوشبو آنے اور سنہری ہونے تک بھونیں۔,۱۰
RCP۰۰۰۰۴,۴,بنیادی اجزاء اور مصالحے شامل کریں، اور چکن پالک کے لیے اچھی طرح پکائیں۔,۱۰
RCP۰۰۰۰۴,۵,ہلکی آنچ پر دم پر رکھیں جب تک یہ مکمل پک نہ جائے، پھر تازہ ہرا دھنیا یا ہری مرچیں چھڑک کر گرم گرم پیش کریں۔,۵
RCP۰۰۰۰۵,۱,آلو چکن کے لیے تمام تازہ اجزاء تیار کریں۔,۵
RCP۰۰۰۰۵,۲,درمیانی آنچ پر کڑاہی یا ہانڈی میں تیل/مکھن گرم کریں۔,۵
RCP۰۰۰۰۵,۳,پیاز، ادرک اور لہسن کا پیسٹ خوشبو آنے اور سنہری ہونے تک بھونیں۔,۱۰
RCP۰۰۰۰۵,۴,بنیادی اجزاء اور مصالحے شامل کریں، اور آلو چکن کے لیے اچھی طرح پکائیں۔,۱۰
RCP۰۰۰۰۵,۵,ہلکی آنچ پر دم پر رکھیں جب تک یہ مکمل پک نہ جائے، پھر تازہ ہرا دھنیا یا ہری مرچیں چھڑک کر گرم گرم پیش کریں۔,۵
RCP۰۰۰۰۶,۱,بھنڈی چکن کے لیے تمام تازہ اجزاء تیار کریں۔,۵
RCP۰۰۰۰۶,۲,درمیانی آنچ پر کڑاہی یا ہانڈی میں تیل/مکھن گرم کریں۔,۵
RCP۰۰۰۰۶,۳,پیاز، ادرک اور لہسن کا پیسٹ خوشبو آنے اور سنہری ہونے تک بھونیں۔,۱۰
RCP۰۰۰۰۶,۴,بنیادی اجزاء اور مصالحے شامل کریں، اور بھنڈی چکن کے لیے اچھی طرح پکائیں۔,۱۰
RCP۰۰۰۰۶,۵,ہلکی آنچ پر دم پر رکھیں جب تک یہ مکمل پک نہ جائے، پھر تازہ ہرا دھنیا یا ہری مرچیں چھڑک کر گرم گرم پیش کریں۔,۵
RCP۰۰۰۰۷,۱,چکن شملہ مرچ کے لیے تمام تازہ اجزاء تیار کریں۔,۵
RCP۰۰۰۰۷,۲,درمیانی آنچ پر کڑاہی یا ہانڈی میں تیل/مکھن گرم کریں۔,۵
RCP۰۰۰۰۷,۳,پیاز، ادرک اور لہسن کا پیسٹ خوشبو آنے اور سنہری ہونے تک بھونیں۔,۱۰
RCP۰۰۰۰۷,۴,بنیادی اجزاء اور مصالحے شامل کریں، اور چکن شملہ مرچ کے لیے اچھی طرح پکائیں۔,۱۰
RCP۰۰۰۰۷,۵,ہلکی آنچ پر دم پر رکھیں جب تک یہ مکمل پک نہ جائے، پھر تازہ ہرا دھنیا یا ہری مرچیں چھڑک کر گرم گرم پیش کریں۔,۵
RCP۰۰۰۰۸,۱,چکن گوبھی کے لیے تمام تازہ اجزاء تیار کریں۔,۵
RCP۰۰۰۰۸,۲,درمیانی آنچ پر کڑاہی یا ہانڈی میں تیل/مکھن گرم کریں۔,۵
RCP۰۰۰۰۸,۳,پیاز، ادرک اور لہسن کا پیسٹ خوشبو آنے اور سنہری ہونے تک بھونیں۔,۱۰
RCP۰۰۰۰۸,۴,بنیادی اجزاء اور مصالحے شامل کریں، اور چکن گوبھی کے لیے اچھی طرح پکائیں۔,۱۰
RCP۰۰۰۰۸,۵,ہلکی آنچ پر دم پر رکھیں جب تک یہ مکمل پک نہ جائے، پھر تازہ ہرا دھنیا یا ہری مرچیں چھڑک کر گرم گرم پیش کریں۔,۵
RCP۰۰۰۰۹,۱,چکن بند گوبھی کے لیے تمام تازہ اجزاء تیار کریں۔,۵
RCP۰۰۰۰۹,۲,درمیانی آنچ پر کڑاہی یا ہانڈی میں تیل/مکھن گرم کریں۔,۵
RCP۰۰۰۰۹,۳,پیاز، ادرک اور لہسن کا پیسٹ خوشبو آنے اور سنہری ہونے تک بھونیں۔,۱۰
RCP۰۰۰۰۹,۴,بنیادی اجزاء اور مصالحے شامل کریں، اور چکن بند گوبھی کے لیے اچھی طرح پکائیں۔,۱۰
RCP۰۰۰۰۹,۵,ہلکی آنچ پر دم پر رکھیں جب تک یہ مکمل پک نہ جائے، پھر تازہ ہرا دھنیا یا ہری مرچیں چھڑک کر گرم گرم پیش کریں۔,۵
RCP۰۰۰۱۰,۱,چکن گاجر کے لیے تمام تازہ اجزاء تیار کریں۔,۵
RCP۰۰۰۱۰,۲,درمیانی آنچ پر کڑاہی یا ہانڈی میں تیل/مکھن گرم کریں۔,۵
RCP۰۰۰۱۰,۳,پیاز، ادرک اور لہسن کا پیسٹ خوشبو آنے اور سنہری ہونے تک بھونیں۔,۱۰
RCP۰۰۰۱۰,۴,بنیادی اجزاء اور مصالحے شامل کریں، اور چکن گاجر کے لیے اچھی طرح پکائیں۔,۱۰
RCP۰۰۰۱۰,۵,ہلکی آنچ پر دم پر رکھیں جب تک یہ مکمل پک نہ جائے، پھر تازہ ہرا دھنیا یا ہری مرچیں چھڑک کر گرم گرم پیش کریں۔,۵
RCP۰۰۰۱۱,۱,چکن کارن سالن کے لیے تمام تازہ اجزاء تیار کریں۔,۵
RCP۰۰۰۱۱,۲,درمیانی آنچ پر کڑاہی یا ہانڈی میں تیل/مکھن گرم کریں۔,۵
RCP۰۰۰۱۱,۳,پیاز، ادرک اور لہسن کا پیسٹ خوشبو آنے اور سنہری ہونے تک بھونیں۔,۱۰
RCP۰۰۰۱۱,۴,بنیادی اجزاء اور مصالحے شامل کریں، اور چکن کارن سالن کے لیے اچھی طرح پکائیں۔,۱۰
RCP۰۰۰۱۱,۵,ہلکی آنچ پر دم پر رکھیں جب تک یہ مکمل پک نہ جائے، پھر تازہ ہرا دھنیا یا ہری مرچیں چھڑک کر گرم گرم پیش کریں۔,۵
RCP۰۰۰۱۲,۱,چکن آلو پالک کے لیے تمام تازہ اجزاء تیار کریں۔,۵
RCP۰۰۰۱۲,۲,درمیانی آنچ پر کڑاہی یا ہانڈی میں تیل/مکھن گرم کریں۔,۵
RCP۰۰۰۱۲,۳,پیاز، ادرک اور لہسن کا پیسٹ خوشبو آنے اور سنہری ہونے تک بھونیں۔,۱۰
RCP۰۰۰۱۲,۴,بنیادی اجزاء اور مصالحے شامل کریں، اور چکن آلو پالک کے لیے اچھی طرح پکائیں۔,۱۰
RCP۰۰۰۱۲,۵,ہلکی آنچ پر دم پر رکھیں جب تک یہ مکمل پک نہ جائے، پھر تازہ ہرا دھنیا یا ہری مرچیں چھڑک کر گرم گرم پیش کریں۔,۵
RCP۰۰۰۱۳,۱,چکن سبزی سالن کے لیے تمام تازہ اجزاء تیار کریں۔,۵
RCP۰۰۰۱۳,۲,درمیانی آنچ پر کڑاہی یا ہانڈی میں تیل/مکھن گرم کریں۔,۵
RCP۰۰۰۱۳,۳,پیاز، ادرک اور لہسن کا پیسٹ خوشبو آنے اور سنہری ہونے تک بھونیں۔,۱۰
RCP۰۰۰۱۳,۴,بنیادی اجزاء اور مصالحے شامل کریں، اور چکن سبزی سالن کے لیے اچھی طرح پکائیں۔,۱۰
RCP۰۰۰۱۳,۵,ہلکی آنچ پر دم پر رکھیں جب تک یہ مکمل پک نہ جائے، پھر تازہ ہرا دھنیا یا ہری مرچیں چھڑک کر گرم گرم پیش کریں۔,۵
RCP۰۰۰۱۴,۱,دہی چکن کے لیے تمام تازہ اجزاء تیار کریں۔,۵
RCP۰۰۰۱۴,۲,درمیانی آنچ پر کڑاہی یا ہانڈی میں تیل/مکھن گرم کریں۔,۵
RCP۰۰۰۱۴,۳,پیاز، ادرک اور لہسن کا پیسٹ خوشبو آنے اور سنہری ہونے تک بھونیں۔,۱۰
RCP۰۰۰۱۴,۴,بنیادی اجزاء اور مصالحے شامل کریں، اور دہی چکن کے لیے اچھی طرح پکائیں۔,۱۰
RCP۰۰۰۱۴,۵,ہلکی آنچ پر دم پر رکھیں جب تک یہ مکمل پک نہ جائے، پھر تازہ ہرا دھنیا یا ہری مرچیں چھڑک کر گرم گرم پیش کریں۔,۵
RCP۰۰۰۱۵,۱,چکن وائٹ کڑاہی کے لیے تمام تازہ اجزاء تیار کریں۔,۵
RCP۰۰۰۱۵,۲,درمیانی آنچ پر کڑاہی یا ہانڈی میں تیل/مکھن گرم کریں۔,۵
RCP۰۰۰۱۵,۳,پیاز، ادرک اور لہسن کا پیسٹ خوشبو آنے اور سنہری ہونے تک بھونیں۔,۱۰
RCP۰۰۰۱۵,۴,بنیادی اجزاء اور مصالحے شامل کریں، اور چکن وائٹ کڑاہی کے لیے اچھی طرح پکائیں۔,۱۰
RCP۰۰۰۱۵,۵,ہلکی آنچ پر دم پر رکھیں جب تک یہ مکمل پک نہ جائے، پھر تازہ ہرا دھنیا یا ہری مرچیں چھڑک کر گرم گرم پیش کریں۔,۵
RCP۰۰۰۱۶,۱,دال تڑکا کے لیے دال/چنے اور اجزاء تیار کر کے بھگو دیں۔,۵
RCP۰۰۰۱۶,۲,درمیانی آنچ پر پین یا پتیلی میں تیل/مکھن گرم کریں۔,۵
RCP۰۰۰۱۶,۳,پیاز، ادرک اور لہسن کا پیسٹ خوشبو آنے اور سنہری ہونے تک بھونیں۔,۱۰
RCP۰۰۰۱۶,۴,پکی ہوئی دال/چنے، ٹماٹر اور پسا ہوا مصالحہ شامل کریں، اور دال تڑکا کے لیے اچھی طرح پکائیں۔,۱۵
RCP۰۰۰۱۶,۵,ہلکی آنچ پر دم دیں، لہسن کے تڑکے کا چھونک لگائیں، دھنیا چھڑک کر گرم گرم پیش کریں۔,۱۰
RCP۰۰۰۱۷,۱,دال پالک کے لیے دال/چنے اور اجزاء تیار کر کے بھگو دیں۔,۵
RCP۰۰۰۱۷,۲,درمیانی آنچ پر پین یا پتیلی میں تیل/مکھن گرم کریں۔,۵
RCP۰۰۰۱۷,۳,پیاز، ادرک اور لہسن کا پیسٹ خوشبو آنے اور سنہری ہونے تک بھونیں۔,۱۰
RCP۰۰۰۱۷,۴,پکی ہوئی دال/چنے، ٹماٹر اور پسا ہوا مصالحہ شامل کریں، اور دال پالک کے لیے اچھی طرح پکائیں۔,۱۵
RCP۰۰۰۱۷,۵,ہلکی آنچ پر دم دیں، لہسن کے تڑکے کا چھونک لگائیں، دھنیا چھڑک کر گرم گرم پیش کریں۔,۱۰
RCP۰۰۰۱۸,۱,چنا دال کے لیے دال/چنے اور اجزاء تیار کر کے بھگو دیں۔,۵
RCP۰۰۰۱۸,۲,درمیانی آنچ پر پین یا پتیلی میں تیل/مکھن گرم کریں۔,۵
RCP۰۰۰۱۸,۳,پیاز، ادرک اور لہسن کا پیسٹ خوشبو آنے اور سنہری ہونے تک بھونیں۔,۱۰
RCP۰۰۰۱۸,۴,پکی ہوئی دال/چنے، ٹماٹر اور پسا ہوا مصالحہ شامل کریں، اور چنا دال کے لیے اچھی طرح پکائیں۔,۱۵
RCP۰۰۰۱۸,۵,ہلکی آنچ پر دم دیں، لہسن کے تڑکے کا چھونک لگائیں، دھنیا چھڑک کر گرم گرم پیش کریں۔,۱۰
RCP۰۰۰۱۹,۱,چنا مصالحہ کے لیے دال/چنے اور اجزاء تیار کر کے بھگو دیں۔,۵
RCP۰۰۰۱۹,۲,درمیانی آنچ پر پین یا پتیلی میں تیل/مکھن گرم کریں۔,۵
RCP۰۰۰۱۹,۳,پیاز، ادرک اور لہسن کا پیسٹ خوشبو آنے اور سنہری ہونے تک بھونیں۔,۱۰
RCP۰۰۰۱۹,۴,پکی ہوئی دال/چنے، ٹماٹر اور پسا ہوا مصالحہ شامل کریں، اور چنا مصالحہ کے لیے اچھی طرح پکائیں۔,۱۵
RCP۰۰۰۱۹,۵,ہلکی آنچ پر دم دیں، لہسن کے تڑکے کا چھونک لگائیں، دھنیا چھڑک کر گرم گرم پیش کریں۔,۱۰
RCP۰۰۰۲۰,۱,پالک چنے کے لیے دال/چنے اور اجزاء تیار کر کے بھگو دیں۔,۵
RCP۰۰۰۲۰,۲,درمیانی آنچ پر پین یا پتیلی میں تیل/مکھن گرم کریں۔,۵
RCP۰۰۰۲۰,۳,پیاز، ادرک اور لہسن کا پیسٹ خوشبو آنے اور سنہری ہونے تک بھونیں۔,۱۰
RCP۰۰۰۲۰,۴,پکی ہوئی دال/چنے، ٹماٹر اور پسا ہوا مصالحہ شامل کریں، اور پالک چنے کے لیے اچھی طرح پکائیں۔,۱۵
RCP۰۰۰۲۰,۵,ہلکی آنچ پر دم دیں، لہسن کے تڑکے کا چھونک لگائیں، دھنیا چھڑک کر گرم گرم پیش کریں۔,۱۰
RCP۰۰۰۲۱,۱,آلو چنے کے لیے دال/چنے اور اجزاء تیار کر کے بھگو دیں۔,۵
RCP۰۰۰۲۱,۲,درمیانی آنچ پر پین یا پتیلی میں تیل/مکھن گرم کریں۔,۵
RCP۰۰۰۲۱,۳,پیاز، ادرک اور لہسن کا پیسٹ خوشبو آنے اور سنہری ہونے تک بھونیں۔,۱۰
RCP۰۰۰۲۱,۴,پکی ہوئی دال/چنے، ٹماٹر اور پسا ہوا مصالحہ شامل کریں، اور آلو چنے کے لیے اچھی طرح پکائیں۔,۱۵
RCP۰۰۰۲۱,۵,ہلکی آنچ پر دم دیں، لہسن کے تڑکے کا چھونک لگائیں، دھنیا چھڑک کر گرم گرم پیش کریں۔,۱۰
RCP۰۰۰۲۲,۱,چنے پالک سالن کے لیے دال/چنے اور اجزاء تیار کر کے بھگو دیں۔,۵
RCP۰۰۰۲۲,۲,درمیانی آنچ پر پین یا پتیلی میں تیل/مکھن گرم کریں۔,۵
RCP۰۰۰۲۲,۳,پیاز، ادرک اور لہسن کا پیسٹ خوشبو آنے اور سنہری ہونے تک بھونیں۔,۱۰
RCP۰۰۰۲۲,۴,پکی ہوئی دال/چنے، ٹماٹر اور پسا ہوا مصالحہ شامل کریں، اور چنے پالک سالن کے لیے اچھی طرح پکائیں۔,۱۵
RCP۰۰۰۲۲,۵,ہلکی آنچ پر دم دیں، لہسن کے تڑکے کا چھونک لگائیں، دھنیا چھڑک کر گرم گرم پیش کریں۔,۱۰
RCP۰۰۰۲۳,۱,دال چاول کے لیے تمام تازہ اجزاء، باسمتی چاول اور مصالحے تیار کریں۔,۵
RCP۰۰۰۲۳,۲,درمیانی آنچ پر دیگچی میں تیل/مکھن گرم کریں۔,۵
RCP۰۰۰۲۳,۳,پیاز، ادرک اور لہسن کا پیسٹ خوشبو آنے اور سنہری ہونے تک بھونیں۔,۱۰
RCP۰۰۰۲۳,۴,بنیادی اجزاء، مصالحے، دھلے ہوئے باسمتی چاول اور پانی شامل کر کے دال چاول کے لیے اچھی طرح پکائیں۔,۱۵
RCP۰۰۰۲۳,۵,برتن کو اچھی طرح ڈھانپ کر ہلکی آنچ پر دم دیں جب تک چاول نرم اور کھلے کھلے ہو جائیں، پھر گرم گرم پیش کریں۔,۱۰
RCP۰۰۰۲۴,۱,چنا چاول کے لیے تمام تازہ اجزاء، باسمتی چاول اور مصالحے تیار کریں۔,۵
RCP۰۰۰۲۴,۲,درمیانی آنچ پر دیگچی میں تیل/مکھن گرم کریں۔,۵
RCP۰۰۰۲۴,۳,پیاز، ادرک اور لہسن کا پیسٹ خوشبو آنے اور سنہری ہونے تک بھونیں۔,۱۰
RCP۰۰۰۲۴,۴,بنیادی اجزاء، مصالحے، دھلے ہوئے باسمتی چاول اور پانی شامل کر کے چنا چاول کے لیے اچھی طرح پکائیں۔,۱۵
RCP۰۰۰۲۴,۵,برتن کو اچھی طرح ڈھانپ کر ہلکی آنچ پر دم دیں جب تک چاول نرم اور کھلے کھلے ہو جائیں، پھر گرم گرم پیش کریں۔,۱۰
RCP۰۰۰۲۵,۱,آلو بھنڈی کے لیے تمام تازہ اجزاء تیار کریں۔,۵
RCP۰۰۰۲۵,۲,درمیانی آنچ پر کڑاہی یا ہانڈی میں تیل/مکھن گرم کریں۔,۵
RCP۰۰۰۲۵,۳,پیاز، ادرک اور لہسن کا پیسٹ خوشبو آنے اور سنہری ہونے تک بھونیں۔,۱۰
RCP۰۰۰۲۵,۴,بنیادی اجزاء اور مصالحے شامل کریں، اور آلو بھنڈی کے لیے اچھی طرح پکائیں۔,۱۰
RCP۰۰۰۲۵,۵,ہلکی آنچ پر دم پر رکھیں جب تک یہ مکمل پک نہ جائے، پھر تازہ ہرا دھنیا یا ہری مرچیں چھڑک کر گرم گرم پیش کریں۔,۵
RCP۰۰۰۲۶,۱,بھنڈی مصالحہ کے لیے تمام تازہ اجزاء تیار کریں۔,۵
RCP۰۰۰۲۶,۲,درمیانی آنچ پر کڑاہی یا ہانڈی میں تیل/مکھن گرم کریں۔,۵
RCP۰۰۰۲۶,۳,پیاز، ادرک اور لہسن کا پیسٹ خوشبو آنے اور سنہری ہونے تک بھونیں۔,۱۰
RCP۰۰۰۲۶,۴,بنیادی اجزاء اور مصالحے شامل کریں، اور بھنڈی مصالحہ کے لیے اچھی طرح پکائیں۔,۱۰
RCP۰۰۰۲۶,۵,ہلکی آنچ پر دم پر رکھیں جب تک یہ مکمل پک نہ جائے، پھر تازہ ہرا دھنیا یا ہری مرچیں چھڑک کر گرم گرم پیش کریں۔,۵
RCP۰۰۰۲۷,۱,آلو پالک کے لیے تمام تازہ اجزاء تیار کریں۔,۵
RCP۰۰۰۲۷,۲,درمیانی آنچ پر کڑاہی یا ہانڈی میں تیل/مکھن گرم کریں۔,۵
RCP۰۰۰۲۷,۳,پیاز، ادرک اور لہسن کا پیسٹ خوشبو آنے اور سنہری ہونے تک بھونیں۔,۱۰
RCP۰۰۰۲۷,۴,بنیادی اجزاء اور مصالحے شامل کریں، اور آلو پالک کے لیے اچھی طرح پکائیں۔,۱۰
RCP۰۰۰۲۷,۵,ہلکی آنچ پر دم پر رکھیں جب تک یہ مکمل پک نہ جائے، پھر تازہ ہرا دھنیا یا ہری مرچیں چھڑک کر گرم گرم پیش کریں۔,۵
RCP۰۰۰۲۸,۱,پالک سالن کے لیے تمام تازہ اجزاء تیار کریں۔,۵
RCP۰۰۰۲۸,۲,درمیانی آنچ پر کڑاہی یا ہانڈی میں تیل/مکھن گرم کریں۔,۵
RCP۰۰۰۲۸,۳,پیاز، ادرک اور لہسن کا پیسٹ خوشبو آنے اور سنہری ہونے تک بھونیں۔,۱۰
RCP۰۰۰۲۸,۴,بنیادی اجزاء اور مصالحے شامل کریں، اور پالک سالن کے لیے اچھی طرح پکائیں۔,۱۰
RCP۰۰۰۲۸,۵,ہلکی آنچ پر دم پر رکھیں جب تک یہ مکمل پک نہ جائے، پھر تازہ ہرا دھنیا یا ہری مرچیں چھڑک کر گرم گرم پیش کریں۔,۵
RCP۰۰۰۲۹,۱,گوبھی آلو کے لیے تمام تازہ اجزاء تیار کریں۔,۵
RCP۰۰۰۲۹,۲,درمیانی آنچ پر کڑاہی یا ہانڈی میں تیل/مکھن گرم کریں۔,۵
RCP۰۰۰۲۹,۳,پیاز، ادرک اور لہسن کا پیسٹ خوشبو آنے اور سنہری ہونے تک بھونیں۔,۱۰
RCP۰۰۰۲۹,۴,بنیادی اجزاء اور مصالحے شامل کریں، اور گوبھی آلو کے لیے اچھی طرح پکائیں۔,۱۰
RCP۰۰۰۲۹,۵,ہلکی آنچ پر دم پر رکھیں جب تک یہ مکمل پک نہ جائے، پھر تازہ ہرا دھنیا یا ہری مرچیں چھڑک کر گرم گرم پیش کریں۔,۵
RCP۰۰۰۳۰,۱,گوبھی مصالحہ کے لیے تمام تازہ اجزاء تیار کریں۔,۵
RCP۰۰۰۳۰,۲,درمیانی آنچ پر کڑاہی یا ہانڈی میں تیل/مکھن گرم کریں۔,۵
RCP۰۰۰۳۰,۳,پیاز، ادرک اور لہسن کا پیسٹ خوشبو آنے اور سنہری ہونے تک بھونیں۔,۱۰
RCP۰۰۰۳۰,۴,بنیادی اجزاء اور مصالحے شامل کریں، اور گوبھی مصالحہ کے لیے اچھی طرح پکائیں۔,۱۰
RCP۰۰۰۳۰,۵,ہلکی آنچ پر دم پر رکھیں جب تک یہ مکمل پک نہ جائے، پھر تازہ ہرا دھنیا یا ہری مرچیں چھڑک کر گرم گرم پیش کریں۔,۵
RCP۰۰۰۳۱,۱,بند گوبھی مصالحہ کے لیے تمام تازہ اجزاء تیار کریں۔,۵
RCP۰۰۰۳۱,۲,درمیانی آنچ پر کڑاہی یا ہانڈی میں تیل/مکھن گرم کریں۔,۵
RCP۰۰۰۳۱,۳,پیاز، ادرک اور لہسن کا پیسٹ خوشبو آنے اور سنہری ہونے تک بھونیں۔,۱۰
RCP۰۰۰۳۱,۴,بنیادی اجزاء اور مصالحے شامل کریں، اور بند گوبھی مصالحہ کے لیے اچھی طرح پکائیں۔,۱۰
RCP۰۰۰۳۱,۵,ہلکی آنچ پر دم پر رکھیں جب تک یہ مکمل پک نہ جائے، پھر تازہ ہرا دھنیا یا ہری مرچیں چھڑک کر گرم گرم پیش کریں۔,۵
RCP۰۰۰۳۲,۱,بند گوبھی آلو کے لیے تمام تازہ اجزاء تیار کریں۔,۵
RCP۰۰۰۳۲,۲,درمیانی آنچ پر کڑاہی یا ہانڈی میں تیل/مکھن گرم کریں۔,۵
RCP۰۰۰۳۲,۳,پیاز، ادرک اور لہسن کا پیسٹ خوشبو آنے اور سنہری ہونے تک بھونیں۔,۱۰
RCP۰۰۰۳۲,۴,بنیادی اجزاء اور مصالحے شامل کریں، اور بند گوبھی آلو کے لیے اچھی طرح پکائیں۔,۱۰
RCP۰۰۰۳۲,۵,ہلکی آنچ پر دم پر رکھیں جب تک یہ مکمل پک نہ جائے، پھر تازہ ہرا دھنیا یا ہری مرچیں چھڑک کر گرم گرم پیش کریں۔,۵
RCP۰۰۰۳۳,۱,مکس سبزی سالن کے لیے تمام تازہ اجزاء تیار کریں۔,۵
RCP۰۰۰۳۳,۲,درمیانی آنچ پر کڑاہی یا ہانڈی میں تیل/مکھن گرم کریں۔,۵
RCP۰۰۰۳۳,۳,پیاز، ادرک اور لہسن کا پیسٹ خوشبو آنے اور سنہری ہونے تک بھونیں۔,۱۰
RCP۰۰۰۳۳,۴,بنیادی اجزاء اور مصالحے شامل کریں، اور مکس سبزی سالن کے لیے اچھی طرح پکائیں۔,۱۰
RCP۰۰۰۳۳,۵,ہلکی آنچ پر دم پر رکھیں جب تک یہ مکمل پک نہ جائے، پھر تازہ ہرا دھنیا یا ہری مرچیں چھڑک کر گرم گرم پیش کریں۔,۵
RCP۰۰۰۳۴,۱,گاجر آلو کے لیے تمام تازہ اجزاء تیار کریں۔,۵
RCP۰۰۰۳۴,۲,درمیانی آنچ پر کڑاہی یا ہانڈی میں تیل/مکھن گرم کریں۔,۵
RCP۰۰۰۳۴,۳,پیاز، ادرک اور لہسن کا پیسٹ خوشبو آنے اور سنہری ہونے تک بھونیں۔,۱۰
RCP۰۰۰۳۴,۴,بنیادی اجزاء اور مصالحے شامل کریں، اور گاجر آلو کے لیے اچھی طرح پکائیں۔,۱۰
RCP۰۰۰۳۴,۵,ہلکی آنچ پر دم پر رکھیں جب تک یہ مکمل پک نہ جائے، پھر تازہ ہرا دھنیا یا ہری مرچیں چھڑک کر گرم گرم پیش کریں۔,۵
RCP۰۰۰۳۵,۱,شملہ مرچ آلو کے لیے تمام تازہ اجزاء تیار کریں۔,۵
RCP۰۰۰۳۵,۲,درمیانی آنچ پر کڑاہی یا ہانڈی میں تیل/مکھن گرم کریں۔,۵
RCP۰۰۰۳۵,۳,پیاز، ادرک اور لہسن کا پیسٹ خوشبو آنے اور سنہری ہونے تک بھونیں۔,۱۰
RCP۰۰۰۳۵,۴,بنیادی اجزاء اور مصالحے شامل کریں، اور شملہ مرچ آلو کے لیے اچھی طرح پکائیں۔,۱۰
RCP۰۰۰۳۵,۵,ہلکی آنچ پر دم پر رکھیں جب تک یہ مکمل پک نہ جائے، پھر تازہ ہرا دھنیا یا ہری مرچیں چھڑک کر گرم گرم پیش کریں۔,۵
RCP۰۰۰۳۶,۱,شملہ مرچ مصالحہ کے لیے تمام تازہ اجزاء تیار کریں۔,۵
RCP۰۰۰۳۶,۲,درمیانی آنچ پر کڑاہی یا ہانڈی میں تیل/مکھن گرم کریں۔,۵
RCP۰۰۰۳۶,۳,پیاز، ادرک اور لہسن کا پیسٹ خوشبو آنے اور سنہری ہونے تک بھونیں۔,۱۰
RCP۰۰۰۳۶,۴,بنیادی اجزاء اور مصالحے شامل کریں، اور شملہ مرچ مصالحہ کے لیے اچھی طرح پکائیں۔,۱۰
RCP۰۰۰۳۶,۵,ہلکی آنچ پر دم پر رکھیں جب تک یہ مکمل پک نہ جائے، پھر تازہ ہرا دھنیا یا ہری مرچیں چھڑک کر گرم گرم پیش کریں۔,۵
RCP۰۰۰۳۷,۱,مکئی پالک کے لیے تمام تازہ اجزاء تیار کریں۔,۵
RCP۰۰۰۳۷,۲,درمیانی آنچ پر کڑاہی یا ہانڈی میں تیل/مکھن گرم کریں۔,۵
RCP۰۰۰۳۷,۳,پیاز، ادرک اور لہسن کا پیسٹ خوشبو آنے اور سنہری ہونے تک بھونیں۔,۱۰
RCP۰۰۰۳۷,۴,بنیادی اجزاء اور مصالحے شامل کریں، اور مکئی پالک کے لیے اچھی طرح پکائیں۔,۱۰
RCP۰۰۰۳۷,۵,ہلکی آنچ پر دم پر رکھیں جب تک یہ مکمل پک نہ جائے، پھر تازہ ہرا دھنیا یا ہری مرچیں چھڑک کر گرم گرم پیش کریں۔,۵
RCP۰۰۰۳۸,۱,کارن مصالحہ کے لیے تمام تازہ اجزاء تیار کریں۔,۵
RCP۰۰۰۳۸,۲,درمیانی آنچ پر کڑاہی یا ہانڈی میں تیل/مکھن گرم کریں۔,۵
RCP۰۰۰۳۸,۳,پیاز، ادرک اور لہسن کا پیسٹ خوشبو آنے اور سنہری ہونے تک بھونیں۔,۱۰
RCP۰۰۰۳۸,۴,بنیادی اجزاء اور مصالحے شامل کریں، اور کارن مصالحہ کے لیے اچھی طرح پکائیں۔,۱۰
RCP۰۰۰۳۸,۵,ہلکی آنچ پر دم پر رکھیں جب تک یہ مکمل پک نہ جائے، پھر تازہ ہرا دھنیا یا ہری مرچیں چھڑک کر گرم گرم پیش کریں۔,۵
RCP۰۰۰۳۹,۱,کارن آلو سالن کے لیے تمام تازہ اجزاء تیار کریں۔,۵
RCP۰۰۰۳۹,۲,درمیانی آنچ پر کڑاہی یا ہانڈی میں تیل/مکھن گرم کریں۔,۵
RCP۰۰۰۳۹,۳,پیاز، ادرک اور لہسن کا پیسٹ خوشبو آنے اور سنہری ہونے تک بھونیں۔,۱۰
RCP۰۰۰۳۹,۴,بنیادی اجزاء اور مصالحے شامل کریں، اور کارن آلو سالن کے لیے اچھی طرح پکائیں۔,۱۰
RCP۰۰۰۳۹,۵,ہلکی آنچ پر دم پر رکھیں جب تک یہ مکمل پک نہ جائے، پھر تازہ ہرا دھنیا یا ہری مرچیں چھڑک کر گرم گرم پیش کریں۔,۵
RCP۰۰۰۴۰,۱,سبزی چاول کے لیے تمام تازہ اجزاء، باسمتی چاول اور مصالحے تیار کریں۔,۵
RCP۰۰۰۴۰,۲,درمیانی آنچ پر دیگچی میں تیل/مکھن گرم کریں۔,۵
RCP۰۰۰۴۰,۳,پیاز، ادرک اور لہسن کا پیسٹ خوشبو آنے اور سنہری ہونے تک بھونیں۔,۱۰
RCP۰۰۰۴۰,۴,بنیادی اجزاء، مصالحے، دھلے ہوئے باسمتی چاول اور پانی شامل کر کے سبزی چاول کے لیے اچھی طرح پکائیں۔,۱۵
RCP۰۰۰۴۰,۵,برتن کو اچھی طرح ڈھانپ کر ہلکی آنچ پر دم دیں جب تک چاول نرم اور کھلے کھلے ہو جائیں، پھر گرم گرم پیش کریں۔,۱۰
RCP۰۰۰۴۱,۱,لیموں چاول کے لیے تمام تازہ اجزاء، باسمتی چاول اور مصالحے تیار کریں۔,۵
RCP۰۰۰۴۱,۲,درمیانی آنچ پر دیگچی میں تیل/مکھن گرم کریں۔,۵
RCP۰۰۰۴۱,۳,پیاز، ادرک اور لہسن کا پیسٹ خوشبو آنے اور سنہری ہونے تک بھونیں۔,۱۰
RCP۰۰۰۴۱,۴,بنیادی اجزاء، مصالحے، دھلے ہوئے باسمتی چاول اور پانی شامل کر کے لیموں چاول کے لیے اچھی طرح پکائیں۔,۱۵
RCP۰۰۰۴۱,۵,برتن کو اچھی طرح ڈھانپ کر ہلکی آنچ پر دم دیں جب تک چاول نرم اور کھلے کھلے ہو جائیں، پھر گرم گرم پیش کریں۔,۱۰
RCP۰۰۰۴۲,۱,ٹماٹر چاول کے لیے تمام تازہ اجزاء، باسمتی چاول اور مصالحے تیار کریں۔,۵
RCP۰۰۰۴۲,۲,درمیانی آنچ پر دیگچی میں تیل/مکھن گرم کریں۔,۵
RCP۰۰۰۴۲,۳,پیاز، ادرک اور لہسن کا پیسٹ خوشبو آنے اور سنہری ہونے تک بھونیں۔,۱۰
RCP۰۰۰۴۲,۴,بنیادی اجزاء، مصالحے، دھلے ہوئے باسمتی چاول اور پانی شامل کر کے ٹماٹر چاول کے لیے اچھی طرح پکائیں۔,۱۵
RCP۰۰۰۴۲,۵,برتن کو اچھی طرح ڈھانپ کر ہلکی آنچ پر دم دیں جب تک چاول نرم اور کھلے کھلے ہو جائیں، پھر گرم گرم پیش کریں۔,۱۰
RCP۰۰۰۴۳,۱,لہسن چاول کے لیے تمام تازہ اجزاء، باسمتی چاول اور مصالحے تیار کریں۔,۵
RCP۰۰۰۴۳,۲,درمیانی آنچ پر دیگچی میں تیل/مکھن گرم کریں۔,۵
RCP۰۰۰۴۳,۳,پیاز، ادرک اور لہسن کا پیسٹ خوشبو آنے اور سنہری ہونے تک بھونیں۔,۱۰
RCP۰۰۰۴۳,۴,بنیادی اجزاء، مصالحے، دھلے ہوئے باسمتی چاول اور پانی شامل کر کے لہسن چاول کے لیے اچھی طرح پکائیں۔,۱۵
RCP۰۰۰۴۳,۵,برتن کو اچھی طرح ڈھانپ کر ہلکی آنچ پر دم دیں جب تک چاول نرم اور کھلے کھلے ہو جائیں، پھر گرم گرم پیش کریں۔,۱۰
RCP۰۰۰۴۴,۱,زیرا چاول کے لیے تمام تازہ اجزاء، باسمتی چاول اور مصالحے تیار کریں۔,۵
RCP۰۰۰۴۴,۲,درمیانی آنچ پر دیگچی میں تیل/مکھن گرم کریں۔,۵
RCP۰۰۰۴۴,۳,پیاز، ادرک اور لہسن کا پیسٹ خوشبو آنے اور سنہری ہونے تک بھونیں۔,۱۰
RCP۰۰۰۴۴,۴,بنیادی اجزاء، مصالحے، دھلے ہوئے باسمتی چاول اور پانی شامل کر کے زیرا چاول کے لیے اچھی طرح پکائیں۔,۱۵
RCP۰۰۰۴۴,۵,برتن کو اچھی طرح ڈھانپ کر ہلکی آنچ پر دم دیں جب تک چاول نرم اور کھلے کھلے ہو جائیں، پھر گرم گرم پیش کریں۔,۱۰
RCP۰۰۰۴۵,۱,چکن فرائیڈ رائس کے لیے تمام تازہ اجزاء، باسمتی چاول اور مصالحے تیار کریں۔,۵
RCP۰۰۰۴۵,۲,درمیانی آنچ پر دیگچی میں تیل/مکھن گرم کریں۔,۵
RCP۰۰۰۴۵,۳,پیاز، ادرک اور لہسن کا پیسٹ خوشبو آنے اور سنہری ہونے تک بھونیں۔,۱۰
RCP۰۰۰۴۵,۴,بنیادی اجزاء، مصالحے، دھلے ہوئے باسمتی چاول اور پانی شامل کر کے چکن فرائیڈ رائس کے لیے اچھی طرح پکائیں۔,۱۵
RCP۰۰۰۴۵,۵,برتن کو اچھی طرح ڈھانپ کر ہلکی آنچ پر دم دیں جب تک چاول نرم اور کھلے کھلے ہو جائیں، پھر گرم گرم پیش کریں۔,۱۰
RCP۰۰۰۴۶,۱,ایگ فرائیڈ رائس کے لیے تمام تازہ اجزاء، باسمتی چاول اور مصالحے تیار کریں۔,۵
RCP۰۰۰۴۶,۲,درمیانی آنچ پر دیگچی میں تیل/مکھن گرم کریں۔,۵
RCP۰۰۰۴۶,۳,پیاز، ادرک اور لہسن کا پیسٹ خوشبو آنے اور سنہری ہونے تک بھونیں۔,۱۰
RCP۰۰۰۴۶,۴,بنیادی اجزاء، مصالحے، دھلے ہوئے باسمتی چاول اور پانی شامل کر کے ایگ فرائیڈ رائس کے لیے اچھی طرح پکائیں۔,۱۵
RCP۰۰۰۴۶,۵,برتن کو اچھی طرح ڈھانپ کر ہلکی آنچ پر دم دیں جب تک چاول نرم اور کھلے کھلے ہو جائیں، پھر گرم گرم پیش کریں۔,۱۰
RCP۰۰۰۴۷,۱,انڈہ سالن کے لیے انڈے اور کٹی ہوئی تازہ سبزیاں تیار کریں۔,۵
RCP۰۰۰۴۷,۲,درمیانی آنچ پر پین میں تیل/مکھن گرم کریں۔,۵
RCP۰۰۰۴۷,۳,پیاز، ادرک اور لہسن کا پیسٹ خوشبو آنے اور سنہری ہونے تک بھونیں۔,۱۰
RCP۰۰۰۴۷,۴,انڈے (ابلے ہوئے یا پھینٹے ہوئے)، ٹماٹر اور مصالحے شامل کریں اور انڈہ سالن کے لیے اچھی طرح پکائیں۔,۱۰
RCP۰۰۰۴۷,۵,ہلکی آنچ پر پکائیں جب تک مکمل تیار ہو جائے، تازہ ہرا دھنیا یا ہری مرچیں چھڑک کر گرم گرم پیش کریں۔,۵
RCP۰۰۰۴۸,۱,انڈہ بھورجی کے لیے انڈے اور کٹی ہوئی تازہ سبزیاں تیار کریں۔,۵
RCP۰۰۰۴۸,۲,درمیانی آنچ پر پین میں تیل/مکھن گرم کریں۔,۵
RCP۰۰۰۴۸,۳,پیاز، ادرک اور لہسن کا پیسٹ خوشبو آنے اور سنہری ہونے تک بھونیں۔,۱۰
RCP۰۰۰۴۸,۴,انڈے (ابلے ہوئے یا پھینٹے ہوئے)، ٹماٹر اور مصالحے شامل کریں اور انڈہ بھورجی کے لیے اچھی طرح پکائیں۔,۱۰
RCP۰۰۰۴۸,۵,ہلکی آنچ پر پکائیں جب تک مکمل تیار ہو جائے، تازہ ہرا دھنیا یا ہری مرچیں چھڑک کر گرم گرم پیش کریں۔,۵
